Name,Party,Office,Distid,Total from Gun Control,Total From Gun Rights,Gun Control Support,Gun Control Opposed,Gun Rights Support,Gun Rights Opposed,Stateid,Total Funding,Stance,log_grights,log_gcontrol,log_totalfund
"Cruz, Ted",Republican,Senate,TXS2,0,431415,0,8011,153467,0,TX,431415,Rights,12.97482810079834,0.0,12.97482810079834
"McSally, Martha",Republican,Senate,AZS1,0,336138,0,1823627,183451,0,AZ,336138,Rights,12.72528004387522,0.0,12.72528004387522
"Cornyn, John",Republican,Senate,TXS1,0,212975,0,861,35745,12360,TX,212975,Rights,12.2689347622868,0.0,12.2689347622868
"Young, Don",Republican,House,AK01,0,208376,0,861,140077,0,AK,208376,Rights,12.247104218087419,0.0,12.247104218087419
"Scalise, Steve",Republican,House,LA01,0,204518,0,861,0,0,LA,204518,Rights,12.228416159684622,0.0,12.228416159684622
"Johnson, Ron",Republican,Senate,WIS2,0,191538,0,21354,1044351,0,WI,191538,Rights,12.162846722220381,0.0,12.162846722220381
"Thune, John",Republican,Senate,SDS1,0,180865,0,861,579134,0,SD,180865,Rights,12.10551170457556,0.0,12.10551170457556
"Toomey, Pat",Republican,Senate,PAS1,0,161410,0,152102,956630,1266,PA,161410,Rights,11.991709186151144,0.0,11.991709186151144
"Rubio, Marco",Republican,Senate,FLS2,0,160944,0,861,1008030,0,FL,160944,Rights,11.988817970696104,0.0,11.988817970696104
"Calvert, Ken",Republican,House,CA42,0,157116,0,861,2781,0,CA,157116,Rights,11.964746029719652,0.0,11.964746029719652
"Blunt, Roy",Republican,Senate,MOS1,0,153543,0,861,1410511,0,MO,153543,Rights,11.941742449885714,0.0,11.941742449885714
"McConnell, Mitch",Republican,Senate,KYS1,0,141045,0,861,771175,315,KY,141045,Rights,11.856841357289989,0.0,11.856841357289989
"Blackburn, Marsha",Republican,Senate,TNS1,0,135973,0,861,628724,0,TN,135973,Rights,11.82021896997105,0.0,11.82021896997105
"Nunes, Devin",Republican,House,CA22,0,129213,0,861,340,0,CA,129213,Rights,11.769225223593338,0.0,11.769225223593338
"McCarthy, Kevin",Republican,House,CA23,0,122550,0,861,12040,0,CA,122550,Rights,11.716282548857688,0.0,11.716282548857688
"Burr, Richard",Republican,Senate,NCS2,0,122150,0,861,1431179,0,NC,122150,Rights,11.713013263308127,0.0,11.713013263308127
"Inhofe, James M",Republican,Senate,OKS2,0,119900,0,861,5258,1567,OK,119900,Rights,11.694421681264394,0.0,11.694421681264394
"Paul, Rand",Republican,Senate,KYS2,0,114750,0,861,99955,0,KY,114750,Rights,11.650519842481769,0.0,11.650519842481769
"Portman, Rob",Republican,Senate,OHS2,0,110586,0,861,1453538,0,OH,110586,Rights,11.613557820474762,0.0,11.613557820474762
"Peterson, Collin",Democrat,House,MN07,0,106500,0,861,25998,0,MN,106500,Rights,11.575909653758895,0.0,11.575909653758895
"Shelby, Richard C",Republican,Senate,ALS2,0,106100,0,861,172614,0,AL,106100,Rights,11.572146749628347,0.0,11.572146749628347
"McClintock, Tom",Republican,House,CA04,0,104860,0,861,19092,0,CA,104860,Rights,11.560390942605942,0.0,11.560390942605942
"Walden, Greg",Republican,House,OR02,0,104391,0,861,6496,0,OR,104391,Rights,11.555908323142082,0.0,11.555908323142082
"Grassley, Chuck",Republican,Senate,IAS1,0,102530,0,861,266356,3570,IA,102530,Rights,11.537920470859527,0.0,11.537920470859527
"King, Steven A",Republican,House,IA04,0,99692,0,861,51998,0,IA,99692,Rights,11.509850742853152,0.0,11.509850742853152
"Chabot, Steve",Republican,House,OH01,0,96542,0,861,54498,0,OH,96542,Rights,11.477743783933649,0.0,11.477743783933649
"Graham, Lindsey",Republican,Senate,SCS2,0,95866,0,861,8723,1897,SC,95866,Rights,11.470717093206334,0.0,11.470717093206334
"Buck, Ken",Republican,House,CO04,0,89873,0,861,819459,0,CO,89873,Rights,11.406163968396774,0.0,11.406163968396774
"Roberts, Pat",Republican,Senate,KSS1,0,89750,0,861,663384,0,KS,89750,Rights,11.404794448349735,0.0,11.404794448349735
"Young, Todd",Republican,Senate,INS2,0,87500,0,861,440645,0,IN,87500,Rights,11.37940550085183,0.0,11.37940550085183
"Hurd, Will",Republican,House,TX23,0,86900,0,861,18592,0,TX,86900,Rights,11.372524818667134,0.0,11.372524818667134
"Tipton, Scott",Republican,House,CO03,0,85480,0,861,85264,0,CO,85480,Rights,11.356049408007612,0.0,11.356049408007612
"McCaul, Michael",Republican,House,TX10,0,85250,0,861,4087,0,TX,85250,Rights,11.353355125282244,0.0,11.353355125282244
"Daines, Steven",Republican,Senate,MTS2,0,85180,0,861,99389,0,MT,85180,Rights,11.352533683253327,0.0,11.352533683253327
"Gardner, Cory",Republican,Senate,COS2,0,84396,0,861,1328820,59935,CO,84396,Rights,11.343287134928612,0.0,11.343287134928612
"Crapo, Mike",Republican,Senate,IDS2,0,82540,0,861,6389,0,ID,82540,Rights,11.3210504185712,0.0,11.3210504185712
"Rodgers, Cathy McMorris",Republican,House,WA05,0,80447,0,12861,10970,0,WA,80447,Rights,11.29536629194992,0.0,11.29536629194992
"Thornberry, Mac",Republican,House,TX13,0,80300,0,861,1897,0,TX,80300,Rights,11.293537353157436,0.0,11.293537353157436
"Walberg, Tim",Republican,House,MI07,0,80100,0,861,85623,0,MI,80100,Rights,11.291043617373028,0.0,11.291043617373028
"Duffy, Sean P",Republican,House,WI07,0,78109,0,861,78581,0,WI,78109,Rights,11.265873368604343,0.0,11.265873368604343
"Aderholt, Robert B",Republican,House,AL04,0,77042,0,861,17341,0,AL,77042,Rights,11.252118986523802,0.0,11.252118986523802
"Hartzler, Vicky",Republican,House,MO04,0,76345,0,861,48665,0,MO,76345,Rights,11.243030918966566,0.0,11.243030918966566
"Cotton, Tom",Republican,Senate,ARS1,0,75175,0,861,1965941,0,AR,75175,Rights,11.227587310062901,0.0,11.227587310062901
"Simpson, Mike",Republican,House,ID02,0,75083,0,861,342720,0,ID,75083,Rights,11.226362765786364,0.0,11.226362765786364
"Graves, Sam",Republican,House,MO06,0,74600,0,861,60504,0,MO,74600,Rights,11.219909190927746,0.0,11.219909190927746
"Carter, John",Republican,House,TX31,0,71000,0,861,4663,0,TX,71000,Rights,11.170449240431308,0.0,11.170449240431308
"Smith, Adrian",Republican,House,NE03,0,70394,0,861,0,0,NE,70394,Rights,11.161877516896627,0.0,11.161877516896627
"Lucas, Frank D",Republican,House,OK03,0,70324,0,861,5599,0,OK,70324,Rights,11.160882633358058,0.0,11.160882633358058
"Wicker, Roger",Republican,Senate,MSS2,0,68800,0,861,60980,0,MS,68800,Rights,11.138973558699526,0.0,11.138973558699526
"Rogers, Hal",Republican,House,KY05,0,68650,0,861,693,0,KY,68650,Rights,11.136790977732414,0.0,11.136790977732414
"Cramer, Kevin",Republican,Senate,NDS2,0,67770,0,861,3080,0,ND,67770,Rights,11.123889653812942,0.0,11.123889653812942
"Latta, Robert E",Republican,House,OH05,0,67490,0,861,22812,0,OH,67490,Rights,11.11974953463761,0.0,11.11974953463761
"McHenry, Patrick",Republican,House,NC10,0,67131,0,861,7818,0,NC,67131,Rights,11.11441610942807,0.0,11.11441610942807
"Stivers, Steve",Republican,House,OH15,0,66050,0,861,43553,0,OH,66050,Rights,11.098182449881282,0.0,11.098182449881282
"Bishop, Rob",Republican,House,UT01,0,65950,0,861,402,0,UT,65950,Rights,11.096667321032777,0.0,11.096667321032777
"Harris, Andy",Republican,House,MD01,0,65797,0,861,3573,0,MD,65797,Rights,11.09434472171469,0.0,11.09434472171469
"Conaway, Mike",Republican,House,TX11,0,65150,0,861,1603,0,TX,65150,Rights,11.08446293162936,0.0,11.08446293162936
"Amodei, Mark",Republican,House,NV02,0,64115,0,861,27991,0,NV,64115,Rights,11.068449221745771,0.0,11.068449221745771
"Bishop, Sanford",Democrat,House,GA02,500,61315,0,861,527,0,GA,61815,Rights,11.023796099285997,6.2166061010848646,11.03191750961342
"Scott, Rick",Republican,Senate,FLS1,0,60402,0,526905,0,0,FL,60402,Rights,11.008794051563621,0.0,11.008794051563621
"Cassidy, Bill",Republican,Senate,LAS1,0,60103,0,342132,409201,0,LA,60103,Rights,11.003831674048996,0.0,11.003831674048996
"Hawley, Josh",Republican,Senate,MOS2,0,59660,0,0,697080,0,MO,59660,Rights,10.99643381957761,0.0,10.99643381957761
"Beutler, Jaime Herrera",Republican,House,WA03,0,58970,0,861,84848,0,WA,58970,Rights,10.984801076625908,0.0,10.984801076625908
"Barrasso, John A",Republican,Senate,WYS1,0,58899,0,861,4140,0,WY,58899,Rights,10.983596369639677,0.0,10.983596369639677
"Handel, Karen",Republican,House,GA06,0,58813,0,108930,27402,0,GA,58813,Rights,10.98213520078464,0.0,10.98213520078464
"Capito, Shelley Moore",Republican,Senate,WVS2,0,58200,0,861,93910,0,WV,58200,Rights,10.971657815702502,0.0,10.971657815702502
"Granger, Kay",Republican,House,TX12,0,58010,0,861,1670,0,TX,58010,Rights,10.968387926718702,0.0,10.968387926718702
"Kennedy, John",Republican,Senate,LAS2,0,56750,0,861,205888,0,LA,56750,Rights,10.946428556333773,0.0,10.946428556333773
"Isakson, Johnny",Republican,Senate,GAS2,0,56450,0,861,116240,0,GA,56450,Rights,10.941128284212754,0.0,10.941128284212754
"Moran, Jerry",Republican,Senate,KSS2,0,54500,0,861,15368,0,KS,54500,Rights,10.905974329106854,0.0,10.905974329106854
"Shimkus, John M",Republican,House,IL15,0,54400,0,861,15132,0,IL,54400,Rights,10.904137815028022,0.0,10.904137815028022
"Wilson, Joe",Republican,House,SC02,0,53889,0,861,321,2094,SC,53889,Rights,10.894700210927542,0.0,10.894700210927542
"Risch, James E",Republican,Senate,IDS1,0,52550,0,861,0,0,ID,52550,Rights,10.869539405619758,0.0,10.869539405619758
"Hoeven, John",Republican,Senate,NDS1,0,52400,0,861,6650,0,ND,52400,Rights,10.866680954096502,0.0,10.866680954096502
"Fischer, Deb",Republican,Senate,NES1,0,51485,0,861,35571,0,NE,51485,Rights,10.849065205035176,0.0,10.849065205035176
"Flores, Bill",Republican,House,TX17,0,50650,0,861,1032,0,TX,50650,Rights,10.832714252818556,0.0,10.832714252818556
"Rogers, Mike D",Republican,House,AL03,0,50600,0,861,229,2248,AL,50600,Rights,10.831726617926124,0.0,10.831726617926124
"Cuellar, Henry",Democrat,House,TX28,0,50499,0,861,1994,0,TX,50499,Rights,10.829728615263452,0.0,10.829728615263452
"Thompson, Mike",Democrat,House,CA05,8632,49879,0,0,0,4413,CA,58511,Rights,10.817375399793972,9.063347348235522,10.976987140389163
"Duncan, Jeff",Republican,House,SC03,0,49770,0,861,0,0,SC,49770,Rights,10.815187764075905,0.0,10.815187764075905
"Zeldin, Lee",Republican,House,NY01,0,48885,0,45053,41431,0,NY,48885,Rights,10.797246335903196,0.0,10.797246335903196
"Graves, Tom",Republican,House,GA14,0,48350,0,861,0,0,GA,48350,Rights,10.786242183190828,0.0,10.786242183190828
"Murkowski, Lisa",Republican,Senate,AKS2,0,48058,0,861,126212,0,AK,48058,Rights,10.780184701749807,0.0,10.780184701749807
"Hunter, Duncan D",Republican,House,CA50,0,47537,0,861,0,0,CA,47537,Rights,10.769284670193297,0.0,10.769284670193297
"Kelly, Mike",Republican,House,PA16,0,47450,0,861,24466,0,PA,47450,Rights,10.767452878631598,0.0,10.767452878631598
"Gohmert, Louis B Jr",Republican,House,TX01,0,47215,0,861,26,0,TX,47215,Rights,10.76248809718272,0.0,10.76248809718272
"Lamborn, Douglas L",Republican,House,CO05,0,46440,0,861,13569,0,CO,46440,Rights,10.74593796874106,0.0,10.74593796874106
"Jordan, Jim",Republican,House,OH04,0,45150,0,861,3451,0,OH,45150,Rights,10.7177677069941,0.0,10.7177677069941
"Olson, Pete",Republican,House,TX22,0,44890,0,861,1061,0,TX,44890,Rights,10.711992608204175,0.0,10.711992608204175
"Hudson, Richard",Republican,House,NC08,0,44600,0,861,9674,0,NC,44600,Rights,10.70551155928146,0.0,10.70551155928146
"Davis, Rodney",Republican,House,IL13,0,44460,0,861,42576,0,IL,44460,Rights,10.702367679393,0.0,10.702367679393
"Mullin, Markwayne",Republican,House,OK02,0,43850,0,861,7976,0,OK,43850,Rights,10.688552802557403,0.0,10.688552802557403
"Tillis, Thom",Republican,Senate,NCS1,0,43800,0,861,1968468,0,NC,43800,Rights,10.687411927154141,0.0,10.687411927154141
"Kind, Ron",Democrat,House,WI03,0,43482,0,861,20658,0,WI,43482,Rights,10.680125336095056,0.0,10.680125336095056
"Lankford, James",Republican,Senate,OKS1,0,43425,0,861,7455,0,OK,43425,Rights,10.678813619053717,0.0,10.678813619053717
"Thompson, Glenn",Republican,House,PA15,0,43211,0,861,1747,0,PA,43211,Rights,10.673873513436876,0.0,10.673873513436876
"Schweikert, David",Republican,House,AZ06,0,42509,0,861,64785,0,AZ,42509,Rights,10.657494621352836,0.0,10.657494621352836
"Long, Billy",Republican,House,MO07,0,42124,0,861,1638,0,MO,42124,Rights,10.648396667654662,0.0,10.648396667654662
"Cole, Tom",Republican,House,OK04,0,41600,0,861,8112,0,OK,41600,Rights,10.635879484421974,0.0,10.635879484421974
"Griffith, Morgan",Republican,House,VA09,0,41536,0,861,702,0,VA,41536,Rights,10.634339875274723,0.0,10.634339875274723
"Diaz-Balart, Mario",Republican,House,FL25,0,41450,0,208560,4552,0,FL,41450,Rights,10.63226728572478,0.0,10.63226728572478
"Scott, Tim",Republican,Senate,SCS1,0,41300,0,861,563,0,SC,41300,Rights,10.628641991731053,0.0,10.628641991731053
"Massie, Thomas",Republican,House,KY04,0,41067,0,861,0,0,KY,41067,Rights,10.622984508418856,0.0,10.622984508418856
"Bost, Mike",Republican,House,IL12,0,39905,0,861,18405,0,IL,39905,Rights,10.594281967512476,0.0,10.594281967512476
"Boozman, John",Republican,Senate,ARS2,0,39820,0,861,60502,0,AR,39820,Rights,10.5921496903114,0.0,10.5921496903114
"Johnson, Bill",Republican,House,OH06,0,39726,0,861,45630,0,OH,39726,Rights,10.589786336267235,0.0,10.589786336267235
"Gianforte, Greg",Republican,House,MT01,0,39025,0,861,148348,0,MT,39025,Rights,10.571983369654944,0.0,10.571983369654944
"Reed, Tom",Republican,House,NY23,0,38225,0,861,9212,0,NY,38225,Rights,10.551271191344544,0.0,10.551271191344544
"Lee, Mike",Republican,Senate,UTS2,0,38125,0,861,3291,0,UT,38125,Rights,10.548651743073922,0.0,10.548651743073922
"Desjarlais, Scott",Republican,House,TN04,0,38050,0,861,3929,0,TN,38050,Rights,10.546682644153423,0.0,10.546682644153423
"Brady, Kevin",Republican,House,TX08,0,38050,0,861,10403,0,TX,38050,Rights,10.546682644153423,0.0,10.546682644153423
"Foxx, Virginia",Republican,House,NC05,0,37850,0,861,810,0,NC,37850,Rights,10.54141267859585,0.0,10.54141267859585
"Enzi, Mike",Republican,Senate,WYS2,0,37500,0,861,3822,0,WY,37500,Rights,10.53212287826962,0.0,10.53212287826962
"Fortenberry, Jeff",Republican,House,NE01,0,37150,0,861,9678,0,NE,37150,Rights,10.52274596768403,0.0,10.52274596768403
"Williams, Roger",Republican,House,TX25,0,36700,0,861,1335,0,TX,36700,Rights,10.510559281627845,0.0,10.510559281627845
"Bacon, Donald John",Republican,House,NE02,0,36308,0,12861,18590,0,NE,36308,Rights,10.499820923406714,0.0,10.499820923406714
"Huizenga, Bill",Republican,House,MI02,0,36230,0,861,0,0,MI,36230,Rights,10.497670384943484,0.0,10.497670384943484
"Mooney, Alex",Republican,House,WV02,0,36166,0,861,21209,0,WV,36166,Rights,10.495902379841931,0.0,10.495902379841931
"Turner, Michael R",Republican,House,OH10,0,35342,0,861,1634,0,OH,35342,Rights,10.472855631914229,0.0,10.472855631914229
"Hyde-Smith, Cindy",Republican,Senate,MSS1,0,34986,0,0,50212,0,MS,34986,Rights,10.462731842903445,0.0,10.462731842903445
"Joyce, David P",Republican,House,OH14,0,34900,0,5843,39266,0,OH,34900,Rights,10.460270761075149,0.0,10.460270761075149
"Alexander, Lamar",Republican,Senate,TNS2,0,34750,0,861,10193,1867,TN,34750,Rights,10.455963627557306,0.0,10.455963627557306
"Luetkemeyer, Blaine",Republican,House,MO03,0,34050,0,861,23932,0,MO,34050,Rights,10.435614679722034,0.0,10.435614679722034
"Gosar, Paul",Republican,House,AZ04,0,33899,0,861,9863,0,AZ,33899,Rights,10.431170293368542,0.0,10.431170293368542
"Wittman, Rob",Republican,House,VA01,0,33600,0,861,9221,0,VA,33600,Rights,10.422311107413181,0.0,10.422311107413181
"Mast, Brian",Republican,House,FL18,0,33486,0,861,26569,571,FL,33486,Rights,10.418912582797015,0.0,10.418912582797015
"Sensenbrenner, F James Jr",Republican,House,WI05,2500,32750,0,861,2125,0,WI,35250,Rights,10.396688774948379,7.824445930877619,10.470249176632354
"Walorski, Jackie",Republican,House,IN02,0,31603,0,861,15877,0,IN,31603,Rights,10.361038973842623,0.0,10.361038973842623
"Holding, George",Republican,House,NC02,0,31400,0,861,16506,0,NC,31400,Rights,10.354595018522993,0.0,10.354595018522993
"Budd, Ted",Republican,House,NC13,0,31150,0,861,195256,0,NC,31150,Rights,10.346601626429049,0.0,10.346601626429049
"Womack, Steve",Republican,House,AR03,0,29650,0,861,0,0,AR,29650,Rights,10.297251130669952,0.0,10.297251130669952
"Scott, Austin",Republican,House,GA08,0,29536,0,861,0,0,GA,29536,Rights,10.293398993717526,0.0,10.293398993717526
"Webster, Daniel",Republican,House,FL11,0,29200,0,861,29838,0,FL,29200,Rights,10.281958234245314,0.0,10.281958234245314
"Stefanik, Elise",Republican,House,NY21,0,29011,0,861,2179,0,NY,29011,Rights,10.275464816483304,0.0,10.275464816483304
"Roby, Martha",Republican,House,AL02,0,28798,0,861,2889,42,AL,28798,Rights,10.268095943298984,0.0,10.268095943298984
"Smith, Jason",Republican,House,MO08,0,28500,0,861,1809,0,MO,28500,Rights,10.25769445336048,0.0,10.25769445336048
"Braun, Mike",Republican,Senate,INS1,0,28350,0,0,164364,0,IN,28350,Rights,10.252417581902414,0.0,10.252417581902414
"Hice, Jody",Republican,House,GA10,0,28217,0,861,7600,0,GA,28217,Rights,10.247715351173103,0.0,10.247715351173103
"Marchant, Kenny",Republican,House,TX24,0,28050,0,861,969,0,TX,28050,Rights,10.24177956093926,0.0,10.24177956093926
"Gibbs, Bob",Republican,House,OH07,0,27550,0,861,2040,0,OH,27550,Rights,10.22379411156297,0.0,10.22379411156297
"Stauber, Pete",Republican,House,MN08,0,26700,0,0,191228,0,MN,26700,Rights,10.192456296870509,0.0,10.192456296870509
"Hill, French",Republican,House,AR02,0,26600,0,861,541676,0,AR,26600,Rights,10.188704088048116,0.0,10.188704088048116
"Burgess, Michael",Republican,House,TX26,0,26450,0,861,1265,0,TX,26450,Rights,10.183049243755137,0.0,10.183049243755137
"Barr, Andy",Republican,House,KY06,0,26309,0,861,12207,0,KY,26309,Rights,10.177704374034338,0.0,10.177704374034338
"Weber, Randy",Republican,House,TX14,0,26050,0,861,1270,0,TX,26050,Rights,10.167811434160654,0.0,10.167811434160654
"Banks, Jim",Republican,House,IN03,0,25669,0,861,12700,0,IN,25669,Rights,10.153078273865185,0.0,10.153078273865185
"Fleischmann, Chuck",Republican,House,TN03,0,25200,0,861,4726,0,TN,25200,Rights,10.134638955251866,0.0,10.134638955251866
"Katko, John",Republican,House,NY24,0,24900,0,861,42692,0,NY,24900,Rights,10.122663242288953,0.0,10.122663242288953
"Perry, Scott",Republican,House,PA10,0,24750,0,861,13322,0,PA,24750,Rights,10.11662117122102,0.0,10.11662117122102
"Stewart, Chris",Republican,House,UT02,0,24500,0,861,0,0,UT,24500,Rights,10.106469212026385,0.0,10.106469212026385
"Palazzo, Steven",Republican,House,MS04,0,24301,0,861,2153,0,MS,24301,Rights,10.098313930468557,0.0,10.098313930468557
"Bilirakis, Gus",Republican,House,FL12,0,24150,0,861,0,0,FL,24150,Rights,10.092081066090932,0.0,10.092081066090932
"Ernst, Joni",Republican,Senate,IAS2,0,23900,0,745661,459405,0,IA,23900,Rights,10.081675578048475,0.0,10.081675578048475
"Kinzinger, Adam",Republican,House,IL16,0,23900,0,861,30,0,IL,23900,Rights,10.081675578048475,0.0,10.081675578048475
"Babin, Brian",Republican,House,TX36,0,23230,0,861,1334,0,TX,23230,Rights,10.053242872620965,0.0,10.053242872620965
"Perdue, David",Republican,Senate,GAS1,0,23150,0,861,390904,0,GA,23150,Rights,10.049793255125712,0.0,10.049793255125712
"Palmer, Gary",Republican,House,AL06,0,22950,0,861,0,0,AL,22950,Rights,10.041116787524166,0.0,10.041116787524166
"Sasse, Ben",Republican,Senate,NES2,0,21757,0,861,69541,0,NE,21757,Rights,9.987736784981028,0.0,9.987736784981028
"Upton, Fred",Republican,House,MI06,1000,21450,0,861,3601,0,MI,22450,Rights,9.973526543316103,6.90875477931522,10.019090435608215
"Carter, Buddy",Republican,House,GA01,0,21100,0,861,352,0,GA,21100,Rights,9.957075711706057,0.0,9.957075711706057
"Buchanan, Vernon",Republican,House,FL16,0,21037,0,12861,4490,0,FL,21037,Rights,9.95408560529922,0.0,9.95408560529922
"Ryan, Tim",Democrat,House,OH13,3200,20996,0,0,8005,3196,OH,24196,Rights,9.95213484935765,8.071218539969863,10.093983937518093
"LaMalfa, Doug",Republican,House,CA01,0,20850,0,861,3590,0,CA,20850,Rights,9.94515718770752,0.0,9.94515718770752
"Manchin, Joe",Democrat,Senate,WVS1,2000,20700,0,0,27634,255941,WV,22700,Rights,9.937937287265354,7.601402334583733,10.030164255362632
"Grothman, Glenn S",Republican,House,WI06,0,20505,0,861,9744,0,WI,20505,Rights,9.928472805230037,0.0,9.928472805230037
"Amash, Justin",Republican,House,MI03,0,20046,0,861,0,0,MI,20046,Rights,9.905834795604477,0.0,9.905834795604477
"Collins, Susan M",Republican,Senate,MES2,0,19800,536098,0,0,1701,ME,19800,Rights,9.893487720457795,0.0,9.893487720457795
"McKinley, David",Republican,House,WV01,0,19800,0,861,7963,0,WV,19800,Rights,9.893487720457795,0.0,9.893487720457795
"Allen, Richard W",Republican,House,GA12,0,19775,0,861,0,0,GA,19775,Rights,9.892224360257417,0.0,9.892224360257417
"Graves, Garret",Republican,House,LA06,0,19600,0,861,2900,0,LA,19600,Rights,9.883335864325275,0.0,9.883335864325275
"Guthrie, Brett",Republican,House,KY02,0,19500,0,861,0,0,KY,19500,Rights,9.87822102528824,0.0,9.87822102528824
"Meadows, Mark R",Republican,House,NC11,0,19365,0,861,2661,0,NC,19365,Rights,9.871274230171476,0.0,9.871274230171476
"Rounds, Mike",Republican,Senate,SDS2,0,19100,0,861,83983,0,SD,19100,Rights,9.857495968685136,0.0,9.857495968685136
"Bucshon, Larry",Republican,House,IN08,0,18750,0,861,10319,0,IN,18750,Rights,9.839002363309719,0.0,9.839002363309719
"Cook, Paul",Republican,House,CA08,0,18600,0,861,0,0,CA,18600,Rights,9.83097062169695,0.0,9.83097062169695
"Rice, Tom",Republican,House,SC07,0,18500,0,861,0,0,SC,18500,Rights,9.825580063659602,0.0,9.825580063659602
"Emmer, Tom",Republican,House,MN06,0,18477,0,861,10793,0,MN,18477,Rights,9.824336114230691,0.0,9.824336114230691
"Yoho, Ted",Republican,House,FL03,0,18410,0,861,92,0,FL,18410,Rights,9.820703591057207,0.0,9.820703591057207
"Johnson, Mike",Republican,House,LA04,0,18144,0,861,5223,0,LA,18144,Rights,9.806150319647172,0.0,9.806150319647172
"Collins, Doug",Republican,House,GA09,0,18000,0,861,6640,0,GA,18000,Rights,9.798182590890704,0.0,9.798182590890704
"Rouzer, David",Republican,House,NC07,0,18000,0,861,1059,0,NC,18000,Rights,9.798182590890704,0.0,9.798182590890704
"Wagner, Ann L",Republican,House,MO02,0,17500,0,861,2477,0,MO,17500,Rights,9.770013301136158,0.0,9.770013301136158
"Crawford, Rick",Republican,House,AR01,0,17235,0,861,1977,0,AR,17235,Rights,9.75475549873573,0.0,9.75475549873573
"Posey, Bill",Republican,House,FL08,0,16800,0,861,2436,0,FL,16800,Rights,9.729193687429403,0.0,9.729193687429403
"Cheney, Liz",Republican,House,WY01,0,16600,0,861,0,0,WY,16600,Rights,9.717218213494077,0.0,9.717218213494077
"Kustoff, David",Republican,House,TN08,0,16400,0,861,1615,0,TN,16400,Rights,9.70509758756311,0.0,9.70509758756311
"Westerman, Bruce",Republican,House,AR04,0,16000,0,861,6504,0,AR,16000,Rights,9.680406499268875,0.0,9.680406499268875
"Wenstrup, Brad",Republican,House,OH02,0,16000,0,861,864,0,OH,16000,Rights,9.680406499268875,0.0,9.680406499268875
"Loudermilk, Barry",Republican,House,GA11,0,15900,0,861,0,0,GA,15900,Rights,9.674137279312397,0.0,9.674137279312397
"Brooks, Mo",Republican,House,AL05,0,14525,0,861,0,0,AL,14525,Rights,9.583695426166113,0.0,9.583695426166113
"Sullivan, Dan",Republican,Senate,AKS1,0,14136,0,861,44617,0,AK,14136,Rights,9.556550752867032,0.0,9.556550752867032
"Hagedorn, Jim",Republican,House,MN01,0,14100,0,0,18235,0,MN,14100,Rights,9.55400099583723,0.0,9.55400099583723
"Bergman, John",Republican,House,MI01,0,13900,0,861,0,0,MI,13900,Rights,9.539716058977092,0.0,9.539716058977092
"Riggleman, Denver",Republican,House,VA05,0,13850,0,0,32246,0,VA,13850,Rights,9.536112711175099,0.0,9.536112711175099
"Smucker, Lloyd",Republican,House,PA11,0,13450,0,861,217283,0,PA,13450,Rights,9.506808731708581,0.0,9.506808731708581
"Crist, Charlie",Democrat,House,FL13,0,12900,0,0,0,0,FL,12900,Rights,9.465060106725137,0.0,9.465060106725137
"Walker, Mark",Republican,House,NC06,0,12800,0,861,1126,0,NC,12800,Rights,9.45727857185611,0.0,9.45727857185611
"Brooks, Susan",Republican,House,IN05,0,12600,0,861,0,0,IN,12600,Rights,9.441531454869693,0.0,9.441531454869693
"Schrader, Kurt",Democrat,House,OR05,0,12500,0,861,4887,0,OR,12500,Rights,9.433563920090563,0.0,9.433563920090563
"Kelly, Trent",Republican,House,MS01,0,12250,0,861,1921,0,MS,12250,Rights,9.41336284529417,0.0,9.41336284529417
"Lesko, Debbie",Republican,House,AZ08,0,12200,0,0,4046,0,AZ,12200,Rights,9.409273194575334,0.0,9.409273194575334
"Ratcliffe, John Lee",Republican,House,TX04,0,12200,0,861,1476,0,TX,12200,Rights,9.409273194575334,0.0,9.409273194575334
"Curtis, John",Republican,House,UT03,0,12050,0,861,0,0,UT,12050,Rights,9.396902923027392,0.0,9.396902923027392
"Newhouse, Dan",Republican,House,WA04,0,12050,0,861,0,8456,WA,12050,Rights,9.396902923027392,0.0,9.396902923027392
"Byrne, Bradley",Republican,House,AL01,0,12000,0,861,3237,0,AL,12000,Rights,9.392745258631441,0.0,9.392745258631441
"Estes, Ron",Republican,House,KS04,0,12000,0,861,3979,0,KS,12000,Rights,9.392745258631441,0.0,9.392745258631441
"Balderson, Troy",Republican,House,OH12,0,11950,0,0,14863,0,OH,11950,Rights,9.388570235866881,0.0,9.388570235866881
"Roy, Chip",Republican,House,TX21,0,11800,0,0,27826,0,TX,11800,Rights,9.375939552625749,0.0,9.375939552625749
"Arrington, Jodey",Republican,House,TX19,0,11785,0,861,1060,0,TX,11785,Rights,9.374667665397858,0.0,9.374667665397858
"Norman, Ralph",Republican,House,SC05,0,11553,0,861,3079,0,SC,11553,Rights,9.354786976341211,0.0,9.354786976341211
"Collins, Chris",Republican,House,NY27,0,11550,0,861,0,0,NY,11550,Rights,9.35452729228868,0.0,9.35452729228868
"Ferguson, Drew",Republican,House,GA03,0,11500,0,861,0,0,GA,11500,Rights,9.350189267092581,0.0,9.350189267092581
"Abraham, Ralph",Republican,House,LA05,0,11500,0,861,2974,0,LA,11500,Rights,9.350189267092581,0.0,9.350189267092581
"Mitchell, Paul",Republican,House,MI10,0,10880,0,861,0,0,MI,10880,Rights,9.294773427951013,0.0,9.294773427951013
"Gaetz, Matt",Republican,House,FL01,0,10700,0,861,0,23,FL,10700,Rights,9.278092474027002,0.0,9.278092474027002
"Gallagher, Mike",Republican,House,WI08,0,10590,0,861,36629,0,WI,10590,Rights,9.267759862843668,0.0,9.267759862843668
"Burchett, Tim",Republican,House,TN02,0,10200,0,0,1387,0,TN,10200,Rights,9.23024103368252,0.0,9.23024103368252
"Woodall, Rob",Republican,House,GA07,0,9400,0,861,0,0,GA,9400,Rights,9.148571345578551,0.0,9.148571345578551
"LaHood, Darin",Republican,House,IL18,0,9200,0,861,13990,0,IL,9200,Rights,9.127067452782361,0.0,9.127067452782361
"Leahy, Patrick",Democrat,Senate,VTS2,0,9000,0,0,0,0,VT,9000,Rights,9.105090961257085,0.0,9.105090961257085
"Higgins, Clay",Republican,House,LA03,0,9000,0,861,0,0,LA,9000,Rights,9.105090961257085,0.0,9.105090961257085
"Heinrich, Martin",Democrat,Senate,NMS1,9224,8850,0,0,17000,0,NM,18074,Control,9.088285725968877,9.129672468908728,9.802285047026965
"Spano, Ross",Republican,House,FL15,0,8700,0,0,9994,0,FL,8700,Rights,9.071193240566025,0.0,9.071193240566025
"Davidson, Warren",Republican,House,OH08,0,8550,0,861,987,0,OH,8550,Rights,9.053803514155955,0.0,9.053803514155955
"Green, Mark",Republican,House,TN07,0,8360,0,0,1576,0,TN,8360,Rights,9.031333316150057,0.0,9.031333316150057
"Hollingsworth, Trey",Republican,House,IN09,0,8000,0,861,8960,0,IN,8000,Rights,8.987321812850125,0.0,8.987321812850125
"Moolenaar, John",Republican,House,MI04,0,8000,0,861,5554,0,MI,8000,Rights,8.987321812850125,0.0,8.987321812850125
"Comer, James",Republican,House,KY01,0,7700,0,861,6242,0,KY,7700,Rights,8.94910546953925,0.0,8.94910546953925
"Pence, Greg",Republican,House,IN06,0,7420,0,0,6604,0,IN,7420,Rights,8.912069097970134,0.0,8.912069097970134
"Dunn, Neal",Republican,House,FL02,0,7250,0,861,1699,325,FL,7250,Rights,8.888894669371593,0.0,8.888894669371593
"Biggs, Andy",Republican,House,AZ05,0,7000,0,861,3308,0,AZ,7000,Rights,8.853808274977197,0.0,8.853808274977197
"Reschenthaler, Guy",Republican,House,PA14,0,7000,0,0,1605,0,PA,7000,Rights,8.853808274977197,0.0,8.853808274977197
"Crenshaw, Dan",Republican,House,TX02,0,6965,0,0,891,0,TX,6965,Rights,8.848796450925947,0.0,8.848796450925947
"Rose, John",Republican,House,TN06,0,6200,0,0,1731,0,TN,6200,Rights,8.732465848349879,0.0,8.732465848349879
"Cloud, Michael",Republican,House,TX27,0,6200,0,0,1025,0,TX,6200,Rights,8.732465848349879,0.0,8.732465848349879
"Waltz, Michael",Republican,House,FL06,0,6000,0,0,11123,0,FL,6000,Rights,8.699681400989514,0.0,8.699681400989514
"Higgins, Brian M",Democrat,House,NY26,1000,6000,0,0,0,0,NY,7000,Rights,8.699681400989514,6.90875477931522,8.853808274977197
"Hastings, Alcee L",Democrat,House,FL20,0,5950,0,0,0,0,FL,5950,Rights,8.691314551644853,0.0,8.691314551644853
"Marshall, Roger",Republican,House,KS01,0,5750,0,861,0,0,KS,5750,Rights,8.657129031713755,0.0,8.657129031713755
"Warner, Mark",Democrat,Senate,VAS2,0,5500,41000,0,0,204731,VA,5500,Rights,8.612685172875459,0.0,8.612685172875459
"Lujan, Ben Ray",Democrat,House,NM03,6650,5500,0,0,0,0,NM,12150,Control,8.612685172875459,8.802522498284421,9.405166749908611
"Cline, Ben",Republican,House,VA06,0,5350,0,0,0,0,VA,5350,Rights,8.585038738311304,0.0,8.585038738311304
"Rutherford, John",Republican,House,FL04,0,5200,0,861,0,0,FL,5200,Rights,8.556606193773073,0.0,8.556606193773073
"Steube, Greg",Republican,House,FL17,0,5000,0,0,0,0,FL,5000,Rights,8.517393171418904,0.0,8.517393171418904
"King, Pete",Republican,House,NY02,3500,4950,0,0,0,1052,NY,8450,Rights,8.507344855361422,8.160803920954665,9.042040056544483
"Clyburn, James E",Democrat,House,SC06,500,4950,0,0,0,388,SC,5450,Rights,8.507344855361422,6.2166061010848646,8.603554357064281
"Taylor, Van",Republican,House,TX03,0,4847,0,0,1703,0,TX,4847,Rights,8.48632152774915,0.0,8.48632152774915
"Gonzalez, Anthony",Republican,House,OH16,0,4800,0,0,942,0,OH,4800,Rights,8.476579508530941,0.0,8.476579508530941
"Johnson, Dusty",Republican,House,SD01,0,4500,0,0,0,0,SD,4500,Rights,8.412054873292933,0.0,8.412054873292933
"Klobuchar, Amy",Democrat,Senate,MNS2,17265,4000,0,0,0,0,MN,21265,Control,8.294299608857235,9.756494528795468,9.964864832211031
"Meuser, Dan",Republican,House,PA09,0,4000,0,0,0,0,PA,4000,Rights,8.294299608857235,0.0,8.294299608857235
"Gooden, Lance",Republican,House,TX05,0,4000,0,0,4504,0,TX,4000,Rights,8.294299608857235,0.0,8.294299608857235
"Miller, Carol",Republican,House,WV03,0,4000,0,0,5985,0,WV,4000,Rights,8.294299608857235,0.0,8.294299608857235
"Wright, Ron",Republican,House,TX06,0,3950,0,0,986,0,TX,3950,Rights,8.281723990411392,0.0,8.281723990411392
"Armstrong, Kelly",Republican,House,ND01,0,3700,0,0,1522,0,ND,3700,Rights,8.216358332386156,0.0,8.216358332386156
"Fulcher, Russ",Republican,House,ID01,0,3000,0,0,0,0,ID,3000,Rights,8.006700845440367,0.0,8.006700845440367
"DeFazio, Peter",Democrat,House,OR04,1975,3000,0,0,0,0,OR,4975,Rights,8.006700845440367,7.588829878307813,8.512381634419015
"Timmons, William",Republican,House,SC04,0,3000,0,0,0,0,SC,3000,Rights,8.006700845440367,0.0,8.006700845440367
"Costa, Jim",Democrat,House,CA16,2000,2900,0,0,0,0,CA,4900,Rights,7.972810784121404,7.601402334583733,8.497194544909547
"Watkins, Steve",Republican,House,KS02,0,2750,0,0,15285,0,KS,2750,Rights,7.919719760924575,0.0,7.919719760924575
"Tester, Jon",Democrat,Senate,MTS1,40210,2500,0,0,0,563666,MT,42710,Control,7.824445930877619,10.601895869017545,10.662211777281856
"Stabenow, Debbie",Democrat,Senate,MIS2,40260,2000,1566,0,0,3276,MI,42260,Control,7.601402334583733,10.60313853743474,10.651619953928417
"Hern, Kevin",Republican,House,OK01,0,2000,0,0,0,0,OK,2000,Rights,7.601402334583733,0.0,7.601402334583733
"Fitzpatrick, Brian",Republican,House,PA01,7000,1950,0,0,0,0,PA,8950,Control,7.576097340623111,8.853808274977197,9.099520536870939
"Rooney, Francis",Republican,House,FL19,0,1000,0,0,0,0,FL,1000,Rights,6.90875477931522,0.0,6.90875477931522
"Baird, Jim",Republican,House,IN04,0,1000,0,0,6693,0,IN,1000,Rights,6.90875477931522,0.0,6.90875477931522
"Van Drew, Jeff",Democrat,House,NJ02,0,1000,0,0,0,0,NJ,1000,Rights,6.90875477931522,0.0,6.90875477931522
"Horsford, Steven",Democrat,House,NV04,11700,1000,0,0,0,0,NV,12700,Control,6.90875477931522,9.367429587218957,9.44943600950432
"Joyce, John",Republican,House,PA13,0,1000,0,0,1718,0,PA,1000,Rights,6.90875477931522,0.0,6.90875477931522
"Gonzalez, Vicente",Democrat,House,TX15,0,1000,0,0,0,0,TX,1000,Rights,6.90875477931522,0.0,6.90875477931522
"Welch, Peter",Democrat,House,VT01,0,1000,0,0,0,0,VT,1000,Rights,6.90875477931522,0.0,6.90875477931522
"Rosen, Jacky",Democrat,Senate,NVS1,38789,13,0,0,0,29875,NV,38802,Control,2.6390573296152584,10.565917760434013,10.56625284220999
"Harder, Josh",Democrat,House,CA10,8798,13,0,0,0,5443,CA,8811,Control,2.6390573296152584,9.08239335764556,9.083869707922235
"Levin, Mike",Democrat,House,CA49,22697,13,0,0,0,742,CA,22710,Control,2.6390573296152584,10.030032093861085,10.030604667595593
"Crow, Jason",Democrat,House,CO06,40282,13,746275,0,0,1321,CO,40295,Control,2.6390573296152584,10.603684822708555,10.604007487425486
"Wild, Susan",Democrat,House,PA07,10557,13,0,0,0,0,PA,10570,Control,2.6390573296152584,9.264639145383562,9.265869681768663
"Fletcher, Lizzie",Democrat,House,TX07,23818,13,900,0,0,4696,TX,23831,Control,2.6390573296152584,10.078238860499914,10.078784494393119
"Allred, Colin",Democrat,House,TX32,14883,13,0,0,0,6259,TX,14896,Control,2.6390573296152584,9.608042089466514,9.608915129379593
"Wexton, Jennifer",Democrat,House,VA10,32176,13,4868,0,0,6078,VA,32189,Control,2.6390573296152584,10.379007190594631,10.379411124292854
"Jones, Doug",Democrat,Senate,ALS1,900,0,0,0,0,88230,AL,900,Control,0.0,6.803505257608338,6.803505257608338
"Harris, Kamala",Democrat,Senate,CAS1,15,0,0,0,0,0,CA,15,Control,0.0,2.772588722239781,2.772588722239781
"Feinstein, Dianne",Democrat,Senate,CAS2,27093,0,0,0,0,278,CA,27093,Control,0.0,10.207067580140682,10.207067580140682
"Bennet, Michael F",Democrat,Senate,COS1,18671,0,0,0,117540,38813,CO,18671,Control,0.0,9.834780354526337,9.834780354526337
"Murphy, Christopher S",Democrat,Senate,CTS1,22590,0,0,0,0,85074,CT,22590,Control,0.0,10.025306875857222,10.025306875857222
"Blumenthal, Richard",Democrat,Senate,CTS2,2654,0,0,0,0,55221,CT,2654,Control,0.0,7.884199933676039,7.884199933676039
"Carper, Tom",Democrat,Senate,DES1,10500,0,0,0,0,0,DE,10500,Control,0.0,9.259225769705994,9.259225769705994
"Hirono, Mazie K",Democrat,Senate,HIS2,1250,0,0,0,0,0,HI,1250,Control,0.0,7.1316985104669115,7.1316985104669115
"Durbin, Dick",Democrat,Senate,ILS1,8783,0,0,0,0,0,IL,8783,Control,0.0,9.080687163749312,9.080687163749312
"Duckworth, Tammy",Democrat,Senate,ILS2,4859,0,0,0,0,0,IL,4859,Control,0.0,8.48879371689454,8.48879371689454
"Warren, Elizabeth",Democrat,Senate,MAS1,55953,0,0,0,0,3927,MA,55953,Control,0.0,10.932285203588544,10.932285203588544
"Markey, Ed",Democrat,Senate,MAS2,2500,0,0,0,0,442,MA,2500,Control,0.0,7.824445930877619,7.824445930877619
"Cardin, Ben",Democrat,Senate,MDS1,2000,0,0,0,0,315,MD,2000,Control,0.0,7.601402334583733,7.601402334583733
"Van Hollen, Chris",Democrat,Senate,MDS2,11980,0,0,0,0,0,MD,11980,Control,0.0,9.3910773406399,9.3910773406399
"Smith, Tina",Democrat,Senate,MNS1,15185,0,0,0,0,0,MN,15185,Control,0.0,9.62812922977318,9.62812922977318
"Shaheen, Jeanne",Democrat,Senate,NHS2,3500,0,130845,0,0,251409,NH,3500,Control,0.0,8.160803920954665,8.160803920954665
"Menendez, Robert",Democrat,Senate,NJS1,4250,0,0,0,0,256,NJ,4250,Control,0.0,8.35490952835879,8.35490952835879
"Udall, Tom",Democrat,Senate,NMS2,2000,0,0,0,0,0,NM,2000,Control,0.0,7.601402334583733,7.601402334583733
"Masto, Catherine Cortez",Democrat,Senate,NVS2,26861,0,0,0,0,2422829,NV,26861,Control,0.0,10.19846792746902,10.19846792746902
"Gillibrand, Kirsten",Democrat,Senate,NYS1,15426,0,2050,0,4259,0,NY,15426,Control,0.0,9.64387450001194,9.64387450001194
"Schumer, Charles E",Democrat,Senate,NYS2,20864,0,0,0,0,0,NY,20864,Control,0.0,9.945828393025653,9.945828393025653
"Brown, Sherrod",Democrat,Senate,OHS1,51248,0,0,0,0,907134,OH,51248,Control,0.0,10.844451384615168,10.844451384615168
"Merkley, Jeff",Democrat,Senate,ORS1,500,0,0,0,0,0,OR,500,Control,0.0,6.2166061010848646,6.2166061010848646
"Wyden, Ron",Democrat,Senate,ORS2,2500,0,0,0,0,0,OR,2500,Control,0.0,7.824445930877619,7.824445930877619
"Casey, Bob",Democrat,Senate,PAS2,32729,0,0,0,0,20404,PA,32729,Control,0.0,10.396047367495227,10.396047367495227
"Whitehouse, Sheldon",Democrat,Senate,RIS1,13843,0,0,0,0,0,RI,13843,Control,0.0,9.535607204755236,9.535607204755236
"Reed, Jack",Democrat,Senate,RIS2,4450,0,0,0,0,0,RI,4450,Control,0.0,8.400884069015854,8.400884069015854
"Kaine, Tim",Democrat,Senate,VAS1,89783,0,0,0,0,612441,VA,89783,Control,0.0,11.405162064696091,11.405162064696091
"Cantwell, Maria",Democrat,Senate,WAS1,4000,0,3134,0,0,496,WA,4000,Control,0.0,8.294299608857235,8.294299608857235
"Murray, Patty",Democrat,Senate,WAS2,9329,0,0,0,0,6704,WA,9329,Control,0.0,9.140990293841389,9.140990293841389
"Baldwin, Tammy",Democrat,Senate,WIS1,49307,0,0,0,0,392201,WI,49307,Control,0.0,10.80584161867141,10.80584161867141
"Sewell, Terri A",Democrat,House,AL07,1250,0,0,0,0,0,AL,1250,Control,0.0,7.1316985104669115,7.1316985104669115
"O'Halleran, Tom",Democrat,House,AZ01,12450,0,0,0,0,784,AZ,12450,Control,0.0,9.429556219952412,9.429556219952412
"Kirkpatrick, Ann",Democrat,House,AZ02,13837,0,0,0,0,5851,AZ,13837,Control,0.0,9.535173710058757,9.535173710058757
"Gallego, Ruben",Democrat,House,AZ07,1165,0,0,0,0,0,AZ,1165,Control,0.0,7.061334366910438,7.061334366910438
"Stanton, Greg",Democrat,House,AZ09,2500,0,0,0,0,0,AZ,2500,Control,0.0,7.824445930877619,7.824445930877619
"Matsui, Doris O",Democrat,House,CA06,250,0,0,0,0,0,CA,250,Control,0.0,5.5254529391317835,5.5254529391317835
"Bera, Ami",Democrat,House,CA07,1752,0,0,0,0,0,CA,1752,Control,0.0,7.469083884921234,7.469083884921234
"Pelosi, Nancy",Democrat,House,CA12,7378,0,0,0,0,278,CA,7378,Control,0.0,8.906393407058367,8.906393407058367
"Lee, Barbara",Democrat,House,CA13,4025,0,0,0,0,278,CA,4025,Control,0.0,8.300528606199737,8.300528606199737
"Speier, Jackie",Democrat,House,CA14,5975,0,0,0,0,0,CA,5975,Control,0.0,8.695506726812653,8.695506726812653
"Swalwell, Eric",Democrat,House,CA15,3700,0,0,0,0,0,CA,3700,Control,0.0,8.216358332386156,8.216358332386156
"Cox, TJ",Democrat,House,CA21,2824,0,0,0,0,260,CA,2824,Control,0.0,7.946263643580541,7.946263643580541
"Carbajal, Salud",Democrat,House,CA24,3250,0,0,0,0,0,CA,3250,Control,0.0,8.086717920303906,8.086717920303906
"Hill, Katie",Democrat,House,CA25,31853,0,0,0,0,6845,CA,31853,Control,0.0,10.368918241811727,10.368918241811727
"Schiff, Adam",Democrat,House,CA28,15435,0,0,0,0,2191,CA,15435,Control,0.0,9.64445772265751,9.64445772265751
"Sherman, Brad",Democrat,House,CA30,2500,0,0,0,0,278,CA,2500,Control,0.0,7.824445930877619,7.824445930877619
"Aguilar, Pete",Democrat,House,CA31,3100,0,0,0,0,0,CA,3100,Control,0.0,8.03947991910045,8.03947991910045
"Napolitano, Grace",Democrat,House,CA32,1000,0,0,0,0,278,CA,1000,Control,0.0,6.90875477931522,6.90875477931522
"Torres, Norma",Democrat,House,CA35,1000,0,0,0,0,0,CA,1000,Control,0.0,6.90875477931522,6.90875477931522
"Sanchez, Linda",Democrat,House,CA38,3000,0,0,0,0,0,CA,3000,Control,0.0,8.006700845440367,8.006700845440367
"Cisneros, Gil",Democrat,House,CA39,8693,0,0,0,0,4492,CA,8693,Control,0.0,9.070388411548738,9.070388411548738
"Takano, Mark",Democrat,House,CA41,6500,0,0,0,0,0,CA,6500,Control,0.0,8.77971129020447,8.77971129020447
"Waters, Maxine",Democrat,House,CA43,500,0,0,0,0,278,CA,500,Control,0.0,6.2166061010848646,6.2166061010848646
"Porter, Katie",Democrat,House,CA45,16653,0,0,0,0,5877,CA,16653,Control,0.0,9.720405706795765,9.720405706795765
"Rouda, Harley",Democrat,House,CA48,17159,0,7150,0,0,1314,CA,17159,Control,0.0,9.750336373041954,9.750336373041954
"Davis, Susan A",Democrat,House,CA53,500,0,0,0,0,2273,CA,500,Control,0.0,6.2166061010848646,6.2166061010848646
"DeGette, Diana",Democrat,House,CO01,6250,0,0,0,0,0,CO,6250,Control,0.0,8.740496729931813,8.740496729931813
"Neguse, Joseph",Democrat,House,CO02,2000,0,0,0,0,0,CO,2000,Control,0.0,7.601402334583733,7.601402334583733
"Perlmutter, Ed",Democrat,House,CO07,6800,0,0,0,0,0,CO,6800,Control,0.0,8.824824939175638,8.824824939175638
"Larson, John B",Democrat,House,CT01,250,0,0,0,0,326,CT,250,Control,0.0,5.5254529391317835,5.5254529391317835
"Courtney, Joe",Democrat,House,CT02,9510,0,0,0,0,0,CT,9510,Control,0.0,9.160204302482386,9.160204302482386
"DeLauro, Rosa L",Democrat,House,CT03,4500,0,0,0,0,326,CT,4500,Control,0.0,8.412054873292933,8.412054873292933
"Himes, Jim",Democrat,House,CT04,6700,0,0,0,0,0,CT,6700,Control,0.0,8.81001204797317,8.81001204797317
"Hayes, Jahana",Democrat,House,CT05,2800,0,0,0,0,0,CT,2800,Control,0.0,7.937731775260109,7.937731775260109
"Murphy, Stephanie",Democrat,House,FL07,18750,0,7150,0,0,0,FL,18750,Control,0.0,9.839002363309719,9.839002363309719
"Demings, Val",Democrat,House,FL10,3800,0,0,0,0,93,FL,3800,Control,0.0,8.24301946898925,8.24301946898925
"Deutch, Ted",Democrat,House,FL22,7500,0,0,0,0,0,FL,7500,Control,0.0,8.922791623969637,8.922791623969637
"Schultz, Debbie Wasserman",Democrat,House,FL23,250,0,0,0,0,0,FL,250,Control,0.0,5.5254529391317835,5.5254529391317835
"Mucarsel-Powell, Debbie",Democrat,House,FL26,7735,0,0,0,0,0,FL,7735,Control,0.0,8.95364003713313,8.95364003713313
"Shalala, Donna",Democrat,House,FL27,2500,0,0,0,0,0,FL,2500,Control,0.0,7.824445930877619,7.824445930877619
"Lewis, John",Democrat,House,GA05,3650,0,0,0,0,381,GA,3650,Control,0.0,8.202756381655638,8.202756381655638
"McBath, Lucy",Democrat,House,GA06,24666,0,4022838,0,0,5405,GA,24666,Control,0.0,10.113221596940404,10.113221596940404
"Case, Ed",Democrat,House,HI01,1000,0,0,0,0,0,HI,1000,Control,0.0,6.90875477931522,6.90875477931522
"Finkenauer, Abby",Democrat,House,IA01,1000,0,0,0,0,12863,IA,1000,Control,0.0,6.90875477931522,6.90875477931522
"Loebsack, David",Democrat,House,IA02,500,0,0,0,0,0,IA,500,Control,0.0,6.2166061010848646,6.2166061010848646
"Axne, Cindy",Democrat,House,IA03,11770,0,0,0,0,47047,IA,11770,Control,0.0,9.37339415841248,9.37339415841248
"Kelly, Robin",Democrat,House,IL02,4000,0,64532,0,0,0,IL,4000,Control,0.0,8.294299608857235,8.294299608857235
"Quigley, Mike",Democrat,House,IL05,1500,0,0,0,0,0,IL,1500,Control,0.0,7.313886831633462,7.313886831633462
"Casten, Sean",Democrat,House,IL06,5,0,0,0,0,0,IL,5,Control,0.0,1.791759469228055,1.791759469228055
"Davis, Danny K",Democrat,House,IL07,500,0,0,0,0,328,IL,500,Control,0.0,6.2166061010848646,6.2166061010848646
"Schakowsky, Jan",Democrat,House,IL09,2500,0,0,0,0,328,IL,2500,Control,0.0,7.824445930877619,7.824445930877619
"Schneider, Brad",Democrat,House,IL10,2923,0,30,0,0,0,IL,2923,Control,0.0,7.980707820869669,7.980707820869669
"Underwood, Lauren A",Democrat,House,IL14,10200,0,0,0,0,9915,IL,10200,Control,0.0,9.23024103368252,9.23024103368252
"Bustos, Cheri",Democrat,House,IL17,4075,0,0,0,0,0,IL,4075,Control,0.0,8.312871394342615,8.312871394342615
"Visclosky, Pete",Democrat,House,IN01,1000,0,0,0,0,432,IN,1000,Control,0.0,6.90875477931522,6.90875477931522
"Carson, Andre",Democrat,House,IN07,1000,0,0,0,0,0,IN,1000,Control,0.0,6.90875477931522,6.90875477931522
"Davids, Sharice",Democrat,House,KS03,4910,0,0,0,0,6170,KS,4910,Control,0.0,8.499232866039245,8.499232866039245
"Yarmuth, John A",Democrat,House,KY03,1000,0,0,0,0,0,KY,1000,Control,0.0,6.90875477931522,6.90875477931522
"Richmond, Cedric",Democrat,House,LA02,3000,0,0,0,0,0,LA,3000,Control,0.0,8.006700845440367,8.006700845440367
"Neal, Richard E",Democrat,House,MA01,500,0,0,0,0,442,MA,500,Control,0.0,6.2166061010848646,6.2166061010848646
"McGovern, James P",Democrat,House,MA02,5908,0,0,0,0,442,MA,5908,Control,0.0,8.684231891345675,8.684231891345675
"Trahan, Lori",Democrat,House,MA03,1000,0,0,0,0,0,MA,1000,Control,0.0,6.90875477931522,6.90875477931522
"Kennedy, Joe III",Democrat,House,MA04,10328,0,0,0,0,0,MA,10328,Control,0.0,9.242710752006634,9.242710752006634
"Clark, Katherine",Democrat,House,MA05,6525,0,0,0,0,0,MA,6525,Control,0.0,8.783549477153265,8.783549477153265
"Moulton, Seth",Democrat,House,MA06,1500,0,0,0,0,0,MA,1500,Control,0.0,7.313886831633462,7.313886831633462
"Pressley, Ayanna",Democrat,House,MA07,810,0,0,0,0,0,MA,810,Control,0.0,6.698268054115413,6.698268054115413
"Hoyer, Steny H",Democrat,House,MD05,6750,0,0,0,0,315,MD,6750,Control,0.0,8.81744592104187,8.81744592104187
"Cummings, Elijah E",Democrat,House,MD07,2450,0,0,0,0,315,MD,2450,Control,0.0,7.804251383528112,7.804251383528112
"Pingree, Chellie",Democrat,House,ME01,2500,0,0,0,0,0,ME,2500,Control,0.0,7.824445930877619,7.824445930877619
"Golden, Jared",Democrat,House,ME02,26,0,0,0,0,13569,ME,26,Control,0.0,3.295836866004329,3.295836866004329
"Kildee, Dan",Democrat,House,MI05,1000,0,0,0,0,0,MI,1000,Control,0.0,6.90875477931522,6.90875477931522
"Slotkin, Elissa",Democrat,House,MI08,10240,0,0,0,0,952,MI,10240,Control,0.0,9.234154550075438,9.234154550075438
"Stevens, Haley",Democrat,House,MI11,7035,0,0,0,0,0,MI,7035,Control,0.0,8.85879510585745,8.85879510585745
"Dingell, Debbie",Democrat,House,MI12,3675,0,0,0,0,0,MI,3675,Control,0.0,8.209580483475577,8.209580483475577
"Tlaib, Rashida",Democrat,House,MI13,1150,0,0,0,0,0,MI,1150,Control,0.0,7.048386408721883,7.048386408721883
"Craig, Angie",Democrat,House,MN02,5435,0,334130,0,0,616,MN,5435,Control,0.0,8.600798775271034,8.600798775271034
"McCollum, Betty",Democrat,House,MN04,5867,0,0,0,0,427,MN,5867,Control,0.0,8.677269139262872,8.677269139262872
"Clay, William L Jr",Democrat,House,MO01,250,0,0,0,0,431,MO,250,Control,0.0,5.5254529391317835,5.5254529391317835
"Cleaver, Emanuel",Democrat,House,MO05,500,0,0,0,0,71,MO,500,Control,0.0,6.2166061010848646,6.2166061010848646
"Thompson, Bennie G",Democrat,House,MS02,2700,0,0,0,0,320,MS,2700,Control,0.0,7.901377353792616,7.901377353792616
"Price, David",Democrat,House,NC04,13350,0,0,0,0,449,NC,13350,Control,0.0,9.499346567390095,9.499346567390095
"Pappas, Chris",Democrat,House,NH01,10838,0,0,0,0,0,NH,10838,Control,0.0,9.29090601981575,9.29090601981575
"Kuster, Ann",Democrat,House,NH02,7740,0,0,0,0,0,NH,7740,Control,0.0,8.954286157204713,8.954286157204713
"Kim, Andy",Democrat,House,NJ03,18995,0,5807,0,0,6876,NJ,18995,Control,0.0,9.851983709669012,9.851983709669012
"Smith, Chris",Republican,House,NJ04,2000,0,0,0,0,256,NJ,2000,Control,0.0,7.601402334583733,7.601402334583733
"Gottheimer, Josh",Democrat,House,NJ05,32883,0,0,0,0,0,NJ,32883,Control,0.0,10.400741496272024,10.400741496272024
"Pallone, Frank Jr",Democrat,House,NJ06,2111,0,0,0,0,256,NJ,2111,Control,0.0,7.655390644826152,7.655390644826152
"Malinowski, Tom",Democrat,House,NJ07,21212,0,0,0,0,0,NJ,21212,Control,0.0,9.96236948027235,9.96236948027235
"Pascrell, Bill Jr",Democrat,House,NJ09,3861,0,0,0,0,256,NJ,3861,Control,0.0,8.258940462988459,8.258940462988459
"Sherrill, Mikie",Democrat,House,NJ11,25646,0,4899,0,0,0,NJ,25646,Control,0.0,10.152181884694343,10.152181884694343
"Haaland, Debra",Democrat,House,NM01,2275,0,0,0,0,0,NM,2275,Control,0.0,7.730174795246222,7.730174795246222
"Small, Xochitl Torres",Democrat,House,NM02,2736,0,0,0,0,1496,NM,2736,Control,0.0,7.914617709040679,7.914617709040679
"Titus, Dina",Democrat,House,NV01,1725,0,0,0,0,15613,NV,1725,Control,0.0,7.453561871643373,7.453561871643373
"Lee, Susie",Democrat,House,NV03,16250,0,7455,0,0,0,NV,16250,Control,0.0,9.69590972432601,9.69590972432601
"Suozzi, Tom",Democrat,House,NY03,7200,0,0,0,0,0,NY,7200,Control,0.0,8.881975184248867,8.881975184248867
"Velazquez, Nydia M",Democrat,House,NY07,500,0,0,0,0,252,NY,500,Control,0.0,6.2166061010848646,6.2166061010848646
"Jeffries, Hakeem",Democrat,House,NY08,5000,0,0,0,0,0,NY,5000,Control,0.0,8.517393171418904,8.517393171418904
"Nadler, Jerrold",Democrat,House,NY10,6150,0,0,0,0,252,NY,6150,Control,0.0,8.724369949208368,8.724369949208368
"Rose, Max",Democrat,House,NY11,4000,0,0,0,0,0,NY,4000,Control,0.0,8.294299608857235,8.294299608857235
"Maloney, Carolyn B",Democrat,House,NY12,7100,0,0,0,0,252,NY,7100,Control,0.0,8.867990898182093,8.867990898182093
"Ocasio-Cortez, Alexandria",Democrat,House,NY14,27,0,0,0,0,0,NY,27,Control,0.0,3.332204510175204,3.332204510175204
"Serrano, Jose E",Democrat,House,NY15,750,0,0,0,0,252,NY,750,Control,0.0,6.621405651764134,6.621405651764134
"Engel, Eliot L",Democrat,House,NY16,3000,0,0,0,0,252,NY,3000,Control,0.0,8.006700845440367,8.006700845440367
"Lowey, Nita M",Democrat,House,NY17,2914,0,0,0,0,252,NY,2914,Control,0.0,7.977625098784593,7.977625098784593
"Delgado, Antonio",Democrat,House,NY19,26677,0,1864,0,0,14395,NY,26677,Control,0.0,10.19159453470099,10.19159453470099
"Tonko, Paul",Democrat,House,NY20,500,0,0,0,0,0,NY,500,Control,0.0,6.2166061010848646,6.2166061010848646
"Brindisi, Anthony",Democrat,House,NY22,13206,0,0,0,0,11608,NY,13206,Control,0.0,9.488502271043805,9.488502271043805
"Beatty, Joyce",Democrat,House,OH03,25,0,0,0,0,0,OH,25,Control,0.0,3.258096538021482,3.258096538021482
"Blumenauer, Earl",Democrat,House,OR03,500,0,0,0,0,0,OR,500,Control,0.0,6.2166061010848646,6.2166061010848646
"Boyle, Brendan",Democrat,House,PA02,1000,0,0,0,0,0,PA,1000,Control,0.0,6.90875477931522,6.90875477931522
"Dean, Madeleine",Democrat,House,PA04,3125,0,0,0,0,0,PA,3125,Control,0.0,8.047509510981422,8.047509510981422
"Scanlon, Mary Gay",Democrat,House,PA05,3125,0,0,0,0,0,PA,3125,Control,0.0,8.047509510981422,8.047509510981422
"Houlahan, Chrissy",Democrat,House,PA06,13850,0,0,0,0,0,PA,13850,Control,0.0,9.536112711175099,9.536112711175099
"Cartwright, Matt",Democrat,House,PA08,1000,0,0,0,0,0,PA,1000,Control,0.0,6.90875477931522,6.90875477931522
"Lamb, Conor",Democrat,House,PA17,825,0,0,0,0,1171,PA,825,Control,0.0,6.716594773520978,6.716594773520978
"Doyle, Mike",Democrat,House,PA18,500,0,0,0,0,566,PA,500,Control,0.0,6.2166061010848646,6.2166061010848646
"Cicilline, David",Democrat,House,RI01,6350,0,0,0,0,0,RI,6350,Control,0.0,8.756367559802975,8.756367559802975
"Langevin, Jim",Democrat,House,RI02,250,0,0,0,0,140,RI,250,Control,0.0,5.5254529391317835,5.5254529391317835
"Cooper, Jim",Democrat,House,TN05,1000,0,0,0,201,0,TN,1000,Control,0.0,6.90875477931522,6.90875477931522
"Cohen, Steve",Democrat,House,TN09,500,0,0,0,0,0,TN,500,Control,0.0,6.2166061010848646,6.2166061010848646
"Escobar, Veronica",Democrat,House,TX16,5705,0,0,0,0,0,TX,5705,Control,0.0,8.649273531773446,8.649273531773446
"Jackson Lee, Sheila",Democrat,House,TX18,3750,0,0,0,0,414,TX,3750,Control,0.0,8.229777750081887,8.229777750081887
"Castro, Joaquin",Democrat,House,TX20,1000,0,0,0,0,0,TX,1000,Control,0.0,6.90875477931522,6.90875477931522
"Garcia, Sylvia",Democrat,House,TX29,1000,0,0,0,0,0,TX,1000,Control,0.0,6.90875477931522,6.90875477931522
"Johnson, Eddie Bernice",Democrat,House,TX30,250,0,0,0,0,414,TX,250,Control,0.0,5.5254529391317835,5.5254529391317835
"Vela, Filemon",Democrat,House,TX34,1000,0,0,0,0,0,TX,1000,Control,0.0,6.90875477931522,6.90875477931522
"Luria, Elaine",Democrat,House,VA02,23123,0,55791,0,0,7751,VA,23123,Control,0.0,10.048626318202366,10.048626318202366
"Scott, Bobby",Democrat,House,VA03,2500,0,0,0,0,495,VA,2500,Control,0.0,7.824445930877619,7.824445930877619
"McEachin, Donald",Democrat,House,VA04,4700,0,0,0,0,0,VA,4700,Control,0.0,8.45553053102413,8.45553053102413
"Spanberger, Abigail",Democrat,House,VA07,20015,0,19459,0,0,11408,VA,20015,Control,0.0,9.904287232706693,9.904287232706693
"Beyer, Don",Democrat,House,VA08,13100,0,0,0,0,0,VA,13100,Control,0.0,9.48044384215367,9.48044384215367
"Connolly, Gerry",Democrat,House,VA11,750,0,0,0,0,770,VA,750,Control,0.0,6.621405651764134,6.621405651764134
"DelBene, Suzan",Democrat,House,WA01,3300,0,0,0,0,0,WA,3300,Control,0.0,8.101980731853192,8.101980731853192
"Larsen, Rick",Democrat,House,WA02,9000,0,0,0,0,496,WA,9000,Control,0.0,9.105090961257085,9.105090961257085
"Schrier, Kim",Democrat,House,WA08,17848,0,0,0,0,8090,WA,17848,Control,0.0,9.789702763229508,9.789702763229508
"Smith, Adam",Democrat,House,WA09,10400,0,0,0,518,0,WA,10400,Control,0.0,9.249657234353133,9.249657234353133
